number of tweets,percent of tweets
19125,10818
63.871355575593626,36.12864442440637
